# case_id	executor_claim	provider_observation
accepted_no_record	ExecutorAccepted	NoProviderRecord
accepted_rejected	ExecutorAccepted	ProviderRejected
accepted_exact	ExecutorAccepted	ProviderAcceptedExact
accepted_divergent	ExecutorAccepted	ProviderAcceptedDivergent
accepted_conflicting	ExecutorAccepted	ProviderConflicting
rejected_no_record	ExecutorRejected	NoProviderRecord
rejected_rejected	ExecutorRejected	ProviderRejected
rejected_exact	ExecutorRejected	ProviderAcceptedExact
rejected_divergent	ExecutorRejected	ProviderAcceptedDivergent
rejected_conflicting	ExecutorRejected	ProviderConflicting
timeout_no_record	ExecutorTimeout	NoProviderRecord
timeout_rejected	ExecutorTimeout	ProviderRejected
timeout_exact	ExecutorTimeout	ProviderAcceptedExact
timeout_divergent	ExecutorTimeout	ProviderAcceptedDivergent
timeout_conflicting	ExecutorTimeout	ProviderConflicting
none_no_record	NoExecutorClaim	NoProviderRecord
none_rejected	NoExecutorClaim	ProviderRejected
none_exact	NoExecutorClaim	ProviderAcceptedExact
none_divergent	NoExecutorClaim	ProviderAcceptedDivergent
none_conflicting	NoExecutorClaim	ProviderConflicting
